profile,split,threshold,rows,unique_samples,repeats,path_found_rate,success_rate_collision_free,unsafe_found_rate,collision_rate_among_found,planning_safety_utility,mean_map_iou,std_map_iou,mean_collision_fraction_found,mean_inference_ms,mean_encoder_ms,mean_channel_ms,mean_decoder_ms
clean_float32,test,0.1,508,508,1,0.6141732283464567,0.34448818897637795,0.26968503937007876,0.4391025641025641,0.07480314960629919,0.6488825898224295,0.21630543582357992,0.09695368819446791,6.859552956692229,4.187750594331113,0.05445767406696879,2.6173446882941476
clean_float32,test,0.15,508,508,1,0.5787401574803149,0.32677165354330706,0.25196850393700787,0.43537414965986393,0.07480314960629919,0.6521458840320354,0.22261695755791988,0.09227084956115446,6.859552956692229,4.187750594331113,0.05445767406696879,2.6173446882941476
clean_float32,test,0.2,508,508,1,0.5511811023622047,0.31299212598425197,0.23818897637795275,0.43214285714285716,0.07480314960629919,0.6530393486806636,0.22799412283396772,0.08857513503864223,6.859552956692229,4.187750594331113,0.05445767406696879,2.6173446882941476
clean_float32,test,0.25,508,508,1,0.5255905511811023,0.3031496062992126,0.22244094488188976,0.4232209737827715,0.08070866141732291,0.6524060971716067,0.23327982515327528,0.0828375567302033,6.859552956692229,4.187750594331113,0.05445767406696879,2.6173446882941476
clean_float32,test,0.3,508,508,1,0.49803149606299213,0.28346456692913385,0.21456692913385828,0.4308300395256917,0.06889763779527558,0.6509966620637698,0.2386581321666785,0.07944770936189442,6.859552956692229,4.187750594331113,0.05445767406696879,2.6173446882941476
clean_float32,test,0.35,508,508,1,0.484251968503937,0.27165354330708663,0.2125984251968504,0.43902439024390244,0.05905511811023628,0.6490356440813475,0.24366371572281612,0.07772518011529896,6.859552956692229,4.187750594331113,0.05445767406696879,2.6173446882941476
clean_float32,test,0.4,508,508,1,0.4566929133858268,0.2618110236220472,0.19488188976377951,0.4267241379310345,0.06692913385826765,0.6466362794838375,0.24883246267308207,0.07067802859793071,6.859552956692229,4.187750594331113,0.05445767406696879,2.6173446882941476
clean_float32,test,0.45,508,508,1,0.43700787401574803,0.2578740157480315,0.17913385826771652,0.4099099099099099,0.07874015748031493,0.6444079640851359,0.2536751809937131,0.06280693379003541,6.859552956692229,4.187750594331113,0.05445767406696879,2.6173446882941476
clean_float32,test,0.5,508,508,1,0.421259842519685,0.25,0.17125984251968504,0.40654205607476634,0.07874015748031499,0.6423022315157328,0.25807361322227756,0.06045123354835558,6.859552956692229,4.187750594331113,0.05445767406696879,2.6173446882941476
clean_float32,test,0.55,508,508,1,0.3858267716535433,0.2283464566929134,0.15748031496062992,0.40816326530612246,0.0708661417322835,0.6402233044377015,0.2620356106984013,0.06122030428715614,6.859552956692229,4.187750594331113,0.05445767406696879,2.6173446882941476
clean_float32,test,0.6,508,508,1,0.34448818897637795,0.19291338582677164,0.1515748031496063,0.44,0.041338582677165336,0.6381307375710028,0.26570225433672506,0.06124068439554345,6.859552956692229,4.187750594331113,0.05445767406696879,2.6173446882941476
clean_float32,test,0.65,508,508,1,0.30118110236220474,0.16929133858267717,0.13188976377952755,0.43790849673202614,0.037401574803149595,0.6355440506070437,0.26956668319270893,0.0623220471271674,6.859552956692229,4.187750594331113,0.05445767406696879,2.6173446882941476
clean_float32,test,0.7,508,508,1,0.265748031496063,0.15354330708661418,0.11220472440944881,0.4222222222222222,0.041338582677165336,0.6327002206307755,0.27353425042883067,0.06219443849515204,6.859552956692229,4.187750594331113,0.05445767406696879,2.6173446882941476
clean_float32,test,0.75,508,508,1,0.20275590551181102,0.11811023622047244,0.08464566929133858,0.4174757281553398,0.033464566929133854,0.6291039029026932,0.27798567584250683,0.0563809572609507,6.859552956692229,4.187750594331113,0.05445767406696879,2.6173446882941476
clean_float32,val,0.1,194,194,1,0.7680412371134021,0.5360824742268041,0.23195876288659795,0.30201342281879195,0.3041237113402061,0.6422700187458313,0.31536585080420193,0.04928033425784772,5.609397933645577,3.6940860835662517,0.03895464655703183,1.8763572035222937
clean_float32,val,0.15,194,194,1,0.7319587628865979,0.5309278350515464,0.20103092783505155,0.2746478873239437,0.3298969072164949,0.6505227235729686,0.32316393482956396,0.03869170350892236,5.609397933645577,3.6940860835662517,0.03895464655703183,1.8763572035222937
clean_float32,val,0.2,194,194,1,0.711340206185567,0.520618556701031,0.19072164948453607,0.26811594202898553,0.3298969072164949,0.6561253084365584,0.32863842125738135,0.03681735965707512,5.609397933645577,3.6940860835662517,0.03895464655703183,1.8763572035222937
clean_float32,val,0.25,194,194,1,0.7010309278350515,0.520618556701031,0.18041237113402062,0.25735294117647056,0.34020618556701043,0.6601055640184175,0.33396028248395254,0.0363117018740092,5.609397933645577,3.6940860835662517,0.03895464655703183,1.8763572035222937
clean_float32,val,0.3,194,194,1,0.6958762886597938,0.5154639175257731,0.18041237113402062,0.25925925925925924,0.3350515463917525,0.6635998048121168,0.33832659480724403,0.03628118777587159,5.609397933645577,3.6940860835662517,0.03895464655703183,1.8763572035222937
clean_float32,val,0.35,194,194,1,0.6855670103092784,0.5103092783505154,0.17525773195876287,0.2556390977443609,0.3350515463917525,0.6666169620570218,0.3417274047575363,0.03629710918115414,5.609397933645577,3.6940860835662517,0.03895464655703183,1.8763572035222937
clean_float32,val,0.4,194,194,1,0.6752577319587629,0.5103092783505154,0.16494845360824742,0.24427480916030533,0.3453608247422679,0.6691804250346459,0.345091276099531,0.036367948651246054,5.609397933645577,3.6940860835662517,0.03895464655703183,1.8763572035222937
clean_float32,val,0.45,194,194,1,0.654639175257732,0.4896907216494845,0.16494845360824742,0.25196850393700787,0.32474226804123707,0.6714412601062799,0.3481680946451828,0.03696404591695093,5.609397933645577,3.6940860835662517,0.03895464655703183,1.8763572035222937
clean_float32,val,0.5,194,194,1,0.6443298969072165,0.4793814432989691,0.16494845360824742,0.256,0.31443298969072164,0.6731953472030553,0.3509770496077102,0.0368924690403808,5.609397933645577,3.6940860835662517,0.03895464655703183,1.8763572035222937
clean_float32,val,0.55,194,194,1,0.6185567010309279,0.4639175257731959,0.15463917525773196,0.25,0.30927835051546393,0.6741887316773473,0.3531457276608035,0.037145027121658826,5.609397933645577,3.6940860835662517,0.03895464655703183,1.8763572035222937
clean_float32,val,0.6,194,194,1,0.6082474226804123,0.4690721649484536,0.13917525773195877,0.2288135593220339,0.3298969072164949,0.6749360673881827,0.3549346414981774,0.036570240691600385,5.609397933645577,3.6940860835662517,0.03895464655703183,1.8763572035222937
clean_float32,val,0.65,194,194,1,0.5309278350515464,0.41237113402061853,0.11855670103092783,0.22330097087378642,0.2938144329896907,0.6753053757990103,0.35659668602672867,0.03921600733110947,5.609397933645577,3.6940860835662517,0.03895464655703183,1.8763572035222937
clean_float32,val,0.7,194,194,1,0.4639175257731959,0.34536082474226804,0.11855670103092783,0.25555555555555554,0.22680412371134018,0.6752919648499426,0.35830455968581104,0.041961888325607884,5.609397933645577,3.6940860835662517,0.03895464655703183,1.8763572035222937
clean_float32,val,0.75,194,194,1,0.37628865979381443,0.28350515463917525,0.09278350515463918,0.2465753424657534,0.19072164948453607,0.6747395551784882,0.35987137762650073,0.04465067827584707,5.609397933645577,3.6940860835662517,0.03895464655703183,1.8763572035222937
q8_bpsk_ebn0_0,test,0.1,1524,508,3,0.6601049868766404,0.36351706036745407,0.29658792650918636,0.44930417495029823,0.06692913385826771,0.3982186113775464,0.16765230895602332,0.08287397442612232,9.580905643032663,4.726300065239447,1.549359380904331,3.305246196888886
q8_bpsk_ebn0_0,test,0.15,1524,508,3,0.613517060367454,0.34776902887139105,0.265748031496063,0.43315508021390375,0.08202099737532809,0.4144608516813236,0.16676342409705966,0.07112790389607258,9.580905643032663,4.726300065239447,1.549359380904331,3.305246196888886
q8_bpsk_ebn0_0,test,0.2,1524,508,3,0.5761154855643045,0.3320209973753281,0.2440944881889764,0.42369020501138954,0.0879265091863517,0.4262553748647203,0.16599910519806776,0.06431061174361037,9.580905643032663,4.726300065239447,1.549359380904331,3.305246196888886
q8_bpsk_ebn0_0,test,0.25,1524,508,3,0.5393700787401575,0.3123359580052493,0.22703412073490814,0.4209245742092457,0.08530183727034113,0.43585206254681447,0.1653995678492666,0.05926653929295646,9.580905643032663,4.726300065239447,1.549359380904331,3.305246196888886
q8_bpsk_ebn0_0,test,0.3,1524,508,3,0.4927821522309711,0.2887139107611549,0.20406824146981628,0.4141145139813582,0.08464566929133865,0.4438005652898638,0.1649462786529302,0.0557284467014598,9.580905643032663,4.726300065239447,1.549359380904331,3.305246196888886
q8_bpsk_ebn0_0,test,0.35,1524,508,3,0.4671916010498688,0.2769028871391076,0.19028871391076116,0.40730337078651685,0.08661417322834641,0.4502642868772358,0.1648220473621378,0.052214809229923324,9.580905643032663,4.726300065239447,1.549359380904331,3.305246196888886
q8_bpsk_ebn0_0,test,0.4,1524,508,3,0.42191601049868765,0.2532808398950131,0.16863517060367453,0.39968895800933124,0.08464566929133854,0.45534445341107843,0.16479717774048117,0.04626029662415347,9.580905643032663,4.726300065239447,1.549359380904331,3.305246196888886
q8_bpsk_ebn0_0,test,0.45,1524,508,3,0.3825459317585302,0.2316272965879265,0.15091863517060367,0.39451114922813035,0.0807086614173228,0.4591977543268398,0.16483988862392576,0.04252720328062078,9.580905643032663,4.726300065239447,1.549359380904331,3.305246196888886
q8_bpsk_ebn0_0,test,0.5,1524,508,3,0.3464566929133858,0.20406824146981628,0.14238845144356954,0.4109848484848485,0.06167979002624674,0.4624251199022416,0.16499150278737504,0.04227763694461066,9.580905643032663,4.726300065239447,1.549359380904331,3.305246196888886
q8_bpsk_ebn0_0,test,0.55,1524,508,3,0.30183727034120733,0.1784776902887139,0.12335958005249344,0.40869565217391307,0.055118110236220486,0.46544531891581953,0.16547521128215678,0.03988468730429419,9.580905643032663,4.726300065239447,1.549359380904331,3.305246196888886
q8_bpsk_ebn0_0,test,0.6,1524,508,3,0.2683727034120735,0.15485564304461943,0.11351706036745407,0.4229828850855746,0.04133858267716539,0.46823696128580566,0.1661613666636023,0.04330741339120381,9.580905643032663,4.726300065239447,1.549359380904331,3.305246196888886
q8_bpsk_ebn0_0,test,0.65,1524,508,3,0.23622047244094488,0.13451443569553806,0.10170603674540682,0.4305555555555556,0.03280839895013124,0.4708745035957118,0.1670956414837464,0.043751351178314794,9.580905643032663,4.726300065239447,1.549359380904331,3.305246196888886
q8_bpsk_ebn0_0,test,0.7,1524,508,3,0.20406824146981628,0.1194225721784777,0.08464566929133858,0.41479099678456594,0.03477690288713911,0.4733213140582387,0.16843266786773337,0.042326188305673,9.580905643032663,4.726300065239447,1.549359380904331,3.305246196888886
q8_bpsk_ebn0_0,test,0.75,1524,508,3,0.1725721784776903,0.10039370078740158,0.07217847769028872,0.41825095057034223,0.028215223097112857,0.4754897147767123,0.17037480254587728,0.04120748780845878,9.580905643032663,4.726300065239447,1.549359380904331,3.305246196888886
q8_bpsk_ebn0_0,val,0.1,582,194,3,0.7199312714776632,0.49140893470790376,0.22852233676975944,0.31742243436754175,0.2628865979381443,0.4641586891362321,0.21058423868461115,0.056504171376116706,8.796420782849294,4.30530996407507,1.5423333318744021,2.948777486899823
q8_bpsk_ebn0_0,val,0.15,582,194,3,0.6769759450171822,0.48109965635738833,0.1958762886597938,0.2893401015228426,0.2852233676975945,0.4795423669450558,0.22096314219314903,0.04397976371476308,8.796420782849294,4.30530996407507,1.5423333318744021,2.948777486899823
q8_bpsk_ebn0_0,val,0.2,582,194,3,0.6494845360824743,0.4570446735395189,0.19243986254295534,0.2962962962962963,0.2646048109965635,0.4906103103934065,0.22867550435040288,0.04151945058207932,8.796420782849294,4.30530996407507,1.5423333318744021,2.948777486899823
q8_bpsk_ebn0_0,val,0.25,582,194,3,0.6048109965635738,0.42783505154639173,0.17697594501718214,0.29261363636363635,0.2508591065292096,0.4995803753311384,0.2353068774209123,0.03983366871502729,8.796420782849294,4.30530996407507,1.5423333318744021,2.948777486899823
q8_bpsk_ebn0_0,val,0.3,582,194,3,0.5910652920962199,0.4209621993127148,0.17010309278350516,0.2877906976744186,0.2508591065292096,0.5068575818929002,0.2410301102227762,0.03865291307143339,8.796420782849294,4.30530996407507,1.5423333318744021,2.948777486899823
q8_bpsk_ebn0_0,val,0.35,582,194,3,0.5652920962199313,0.4054982817869416,0.15979381443298968,0.2826747720364742,0.2457044673539519,0.512574585573235,0.24579896861310263,0.03575560501240697,8.796420782849294,4.30530996407507,1.5423333318744021,2.948777486899823
q8_bpsk_ebn0_0,val,0.4,582,194,3,0.5360824742268041,0.39690721649484534,0.13917525773195877,0.25961538461538464,0.25773195876288657,0.5171655033221448,0.25000403869619453,0.033843929171506325,8.796420782849294,4.30530996407507,1.5423333318744021,2.948777486899823
q8_bpsk_ebn0_0,val,0.45,582,194,3,0.49828178694158076,0.3694158075601375,0.12886597938144329,0.25862068965517243,0.2405498281786942,0.5205689973159959,0.25361550838456626,0.034045522268700536,8.796420782849294,4.30530996407507,1.5423333318744021,2.948777486899823
q8_bpsk_ebn0_0,val,0.5,582,194,3,0.46563573883161513,0.34536082474226804,0.12027491408934708,0.25830258302583026,0.22508591065292094,0.5231503137206203,0.25670357188479515,0.03418278768505695,8.796420782849294,4.30530996407507,1.5423333318744021,2.948777486899823
q8_bpsk_ebn0_0,val,0.55,582,194,3,0.4329896907216495,0.3281786941580756,0.10481099656357389,0.24206349206349206,0.2233676975945017,0.525296741202935,0.25940834108507804,0.03227847434812001,8.796420782849294,4.30530996407507,1.5423333318744021,2.948777486899823
q8_bpsk_ebn0_0,val,0.6,582,194,3,0.40893470790378006,0.31099656357388317,0.0979381443298969,0.23949579831932774,0.21305841924398627,0.5271907109735339,0.2619526660789784,0.03021370211374635,8.796420782849294,4.30530996407507,1.5423333318744021,2.948777486899823
q8_bpsk_ebn0_0,val,0.65,582,194,3,0.37800687285223367,0.2972508591065292,0.08075601374570447,0.21363636363636362,0.21649484536082475,0.5288768191240445,0.2642680090586419,0.027375282553975297,8.796420782849294,4.30530996407507,1.5423333318744021,2.948777486899823
q8_bpsk_ebn0_0,val,0.7,582,194,3,0.3556701030927835,0.2800687285223368,0.07560137457044673,0.21256038647342995,0.20446735395189003,0.5299196993974182,0.266624458614505,0.026896032901938618,8.796420782849294,4.30530996407507,1.5423333318744021,2.948777486899823
q8_bpsk_ebn0_0,val,0.75,582,194,3,0.3281786941580756,0.2697594501718213,0.058419243986254296,0.17801047120418848,0.21134020618556698,0.5304660900890074,0.2688638110117827,0.024365230926784377,8.796420782849294,4.30530996407507,1.5423333318744021,2.948777486899823
q8_bpsk_ebn0_2,test,0.1,1524,508,3,0.6712598425196851,0.3720472440944882,0.2992125984251969,0.44574780058651026,0.07283464566929132,0.49893941164431743,0.16802251526056036,0.08908262886001037,9.489106035454007,4.674550263196465,1.5408749308063114,3.273680841451232
q8_bpsk_ebn0_2,test,0.15,1524,508,3,0.6259842519685039,0.36023622047244097,0.265748031496063,0.42452830188679247,0.09448818897637801,0.5202153872672581,0.16959411576332434,0.07346227682163406,9.489106035454007,4.674550263196465,1.5408749308063114,3.273680841451232
q8_bpsk_ebn0_2,test,0.2,1524,508,3,0.5813648293963255,0.33398950131233596,0.2473753280839895,0.4255079006772009,0.08661417322834641,0.5343807704310255,0.17174287935602775,0.06726613901147689,9.489106035454007,4.674550263196465,1.5408749308063114,3.273680841451232
q8_bpsk_ebn0_2,test,0.25,1524,508,3,0.547244094488189,0.3228346456692913,0.22440944881889763,0.41007194244604317,0.09842519685039364,0.5451957884952037,0.17437217761038853,0.06041955744912155,9.489106035454007,4.674550263196465,1.5408749308063114,3.273680841451232
q8_bpsk_ebn0_2,test,0.3,1524,508,3,0.5203412073490814,0.31167979002624674,0.20866141732283464,0.4010088272383354,0.10301837270341208,0.5536132953992658,0.17750962416439958,0.05521219171598562,9.489106035454007,4.674550263196465,1.5408749308063114,3.273680841451232
q8_bpsk_ebn0_2,test,0.35,1524,508,3,0.49015748031496065,0.29855643044619423,0.19160104986876642,0.3908969210174029,0.10695538057742782,0.5599804912809551,0.1808377215760757,0.0513671297846113,9.489106035454007,4.674550263196465,1.5408749308063114,3.273680841451232
q8_bpsk_ebn0_2,test,0.4,1524,508,3,0.46391076115485563,0.27887139107611547,0.18503937007874016,0.3988684582743989,0.09383202099737531,0.5646437684886597,0.1842167716767803,0.04890550828375933,9.489106035454007,4.674550263196465,1.5408749308063114,3.273680841451232
q8_bpsk_ebn0_2,test,0.45,1524,508,3,0.4356955380577428,0.2637795275590551,0.17191601049868765,0.39457831325301207,0.09186351706036738,0.5678947381114242,0.18785168623177806,0.04571035955789869,9.489106035454007,4.674550263196465,1.5408749308063114,3.273680841451232
q8_bpsk_ebn0_2,test,0.5,1524,508,3,0.4048556430446194,0.24081364829396326,0.16404199475065617,0.4051863857374392,0.07677165354330712,0.5705005659049756,0.191376468553241,0.04466680539910673,9.489106035454007,4.674550263196465,1.5408749308063114,3.273680841451232
q8_bpsk_ebn0_2,test,0.55,1524,508,3,0.3569553805774278,0.2099737532808399,0.14698162729658792,0.4117647058823529,0.06299212598425197,0.5726672863903507,0.19490938487313203,0.04474725801532425,9.489106035454007,4.674550263196465,1.5408749308063114,3.273680841451232
q8_bpsk_ebn0_2,test,0.6,1524,508,3,0.31758530183727035,0.18569553805774278,0.13188976377952755,0.4152892561983471,0.0538057742782152,0.5744521714621196,0.19860970332868266,0.04335119076920859,9.489106035454007,4.674550263196465,1.5408749308063114,3.273680841451232
q8_bpsk_ebn0_2,test,0.65,1524,508,3,0.2841207349081365,0.1679790026246719,0.11614173228346457,0.40877598152424943,0.05183727034120733,0.5758638798938149,0.2025086316788974,0.04235989422855939,9.489106035454007,4.674550263196465,1.5408749308063114,3.273680841451232
q8_bpsk_ebn0_2,test,0.7,1524,508,3,0.24803149606299213,0.14698162729658792,0.1010498687664042,0.4074074074074074,0.04593175853018372,0.5768575799108324,0.20681393680048005,0.03956904770060758,9.489106035454007,4.674550263196465,1.5408749308063114,3.273680841451232
q8_bpsk_ebn0_2,test,0.75,1524,508,3,0.21653543307086615,0.12992125984251968,0.08661417322834646,0.4,0.04330708661417321,0.5772402445036401,0.21190665808533543,0.03727373653516552,9.489106035454007,4.674550263196465,1.5408749308063114,3.273680841451232
q8_bpsk_ebn0_2,val,0.1,582,194,3,0.738831615120275,0.5120274914089347,0.2268041237113402,0.30697674418604654,0.2852233676975944,0.5430830820684157,0.2541380081259194,0.04950403943125252,8.586203271388701,4.260043814839136,1.5142764628119127,2.811882993737652
q8_bpsk_ebn0_2,val,0.15,582,194,3,0.7010309278350515,0.4965635738831615,0.20446735395189003,0.2916666666666667,0.29209621993127155,0.561188315261951,0.26660212047298065,0.04107333699741004,8.586203271388701,4.260043814839136,1.5142764628119127,2.811882993737652
q8_bpsk_ebn0_2,val,0.2,582,194,3,0.6769759450171822,0.48625429553264604,0.19072164948453607,0.2817258883248731,0.2955326460481099,0.5737747447202465,0.2754548096281812,0.037411686360482414,8.586203271388701,4.260043814839136,1.5142764628119127,2.811882993737652
q8_bpsk_ebn0_2,val,0.25,582,194,3,0.647766323024055,0.47594501718213056,0.1718213058419244,0.26525198938992045,0.3041237113402061,0.5837800437530415,0.28283500752457286,0.035822214909598374,8.586203271388701,4.260043814839136,1.5142764628119127,2.811882993737652
q8_bpsk_ebn0_2,val,0.3,582,194,3,0.627147766323024,0.46563573883161513,0.16151202749140894,0.25753424657534246,0.3041237113402062,0.5918909435849778,0.2891924220592068,0.03553552920186733,8.586203271388701,4.260043814839136,1.5142764628119127,2.811882993737652
q8_bpsk_ebn0_2,val,0.35,582,194,3,0.6065292096219931,0.4587628865979381,0.14776632302405499,0.24362606232294617,0.31099656357388317,0.5982717184621952,0.29466416485058927,0.032642407891007946,8.586203271388701,4.260043814839136,1.5142764628119127,2.811882993737652
q8_bpsk_ebn0_2,val,0.4,582,194,3,0.5859106529209622,0.4381443298969072,0.14776632302405499,0.25219941348973607,0.2903780068728522,0.6034740105081031,0.29928767161672487,0.03235885230820814,8.586203271388701,4.260043814839136,1.5142764628119127,2.811882993737652
q8_bpsk_ebn0_2,val,0.45,582,194,3,0.5584192439862543,0.42783505154639173,0.13058419243986255,0.23384615384615384,0.29725085910652915,0.6076317166658808,0.30341506421858466,0.031534528180792956,8.586203271388701,4.260043814839136,1.5142764628119127,2.811882993737652
q8_bpsk_ebn0_2,val,0.5,582,194,3,0.5309278350515464,0.41408934707903783,0.11683848797250859,0.22006472491909385,0.29725085910652926,0.611110861580264,0.30683165234049353,0.03015652862393388,8.586203271388701,4.260043814839136,1.5142764628119127,2.811882993737652
q8_bpsk_ebn0_2,val,0.55,582,194,3,0.5034364261168385,0.3917525773195876,0.11168384879725086,0.22184300341296928,0.2800687285223368,0.6140203526329487,0.309899254589289,0.03033842671618628,8.586203271388701,4.260043814839136,1.5142764628119127,2.811882993737652
q8_bpsk_ebn0_2,val,0.6,582,194,3,0.47079037800687284,0.36769759450171824,0.10309278350515463,0.21897810218978103,0.26460481099656363,0.6164801929789305,0.3126670865305137,0.031238908231021104,8.586203271388701,4.260043814839136,1.5142764628119127,2.811882993737652
q8_bpsk_ebn0_2,val,0.65,582,194,3,0.43470790378006874,0.3384879725085911,0.09621993127147767,0.22134387351778656,0.24226804123711343,0.618509528501475,0.3152283513863812,0.031115392708603952,8.586203271388701,4.260043814839136,1.5142764628119127,2.811882993737652
q8_bpsk_ebn0_2,val,0.7,582,194,3,0.39347079037800686,0.3075601374570447,0.0859106529209622,0.2183406113537118,0.22164948453608252,0.6200623980263563,0.3178175167857392,0.032520878152635546,8.586203271388701,4.260043814839136,1.5142764628119127,2.811882993737652
q8_bpsk_ebn0_2,val,0.75,582,194,3,0.36597938144329895,0.28350515463917525,0.08247422680412371,0.22535211267605634,0.20103092783505155,0.621027159126639,0.32050322887569815,0.03188001166134194,8.586203271388701,4.260043814839136,1.5142764628119127,2.811882993737652
q8_bpsk_ebn0_4,test,0.1,1524,508,3,0.6377952755905512,0.35958005249343833,0.2782152230971129,0.43621399176954734,0.0813648293963255,0.6133071256148941,0.19260386731211732,0.09044877009273715,9.06725321377547,4.454330119990018,1.5002667990676921,3.112656294717759
q8_bpsk_ebn0_4,test,0.15,1524,508,3,0.6056430446194225,0.3451443569553806,0.260498687664042,0.4301191765980498,0.08464566929133865,0.6249260326007922,0.19929339736844248,0.08074495900952755,9.06725321377547,4.454330119990018,1.5002667990676921,3.112656294717759
q8_bpsk_ebn0_4,test,0.2,1524,508,3,0.5793963254593176,0.3333333333333333,0.24606299212598426,0.4246885617214043,0.087270341207349,0.6311828246938264,0.20490524724737902,0.07659482528458803,9.06725321377547,4.454330119990018,1.5002667990676921,3.112656294717759
q8_bpsk_ebn0_4,test,0.25,1524,508,3,0.55249343832021,0.3188976377952756,0.2335958005249344,0.42280285035629456,0.08530183727034113,0.6346899419664761,0.21062280737111838,0.07252974446729647,9.06725321377547,4.454330119990018,1.5002667990676921,3.112656294717759
q8_bpsk_ebn0_4,test,0.3,1524,508,3,0.5269028871391076,0.30971128608923887,0.21719160104986876,0.4122042341220423,0.09251968503937014,0.636505230877217,0.21618330683222783,0.06566022843150991,9.06725321377547,4.454330119990018,1.5002667990676921,3.112656294717759
q8_bpsk_ebn0_4,test,0.35,1524,508,3,0.49803149606299213,0.29658792650918636,0.20144356955380577,0.4044795783926219,0.0951443569553806,0.6372540387632213,0.22135882797591533,0.060315378935238056,9.06725321377547,4.454330119990018,1.5002667990676921,3.112656294717759
q8_bpsk_ebn0_4,test,0.4,1524,508,3,0.4776902887139108,0.2874015748031496,0.19028871391076116,0.3983516483516483,0.09711286089238841,0.637020246425975,0.22642345203628947,0.056685279215916595,9.06725321377547,4.454330119990018,1.5002667990676921,3.112656294717759
q8_bpsk_ebn0_4,test,0.45,1524,508,3,0.45931758530183725,0.27887139107611547,0.18044619422572178,0.39285714285714285,0.09842519685039369,0.6361599402545023,0.23127028788912543,0.05286267866517673,9.06725321377547,4.454330119990018,1.5002667990676921,3.112656294717759
q8_bpsk_ebn0_4,test,0.5,1524,508,3,0.42979002624671914,0.2618110236220472,0.1679790026246719,0.39083969465648855,0.09383202099737531,0.635028168807532,0.23566541485546766,0.05070963635819432,9.06725321377547,4.454330119990018,1.5002667990676921,3.112656294717759
q8_bpsk_ebn0_4,test,0.55,1524,508,3,0.38910761154855644,0.23097112860892388,0.15813648293963253,0.40640809443507586,0.07283464566929132,0.6338538619388957,0.23965251218848652,0.049547318843543436,9.06725321377547,4.454330119990018,1.5002667990676921,3.112656294717759
q8_bpsk_ebn0_4,test,0.6,1524,508,3,0.33727034120734906,0.19750656167979003,0.13976377952755906,0.4143968871595331,0.057742782152231,0.6323519031575321,0.2436281865063841,0.04894995600576883,9.06725321377547,4.454330119990018,1.5002667990676921,3.112656294717759
q8_bpsk_ebn0_4,test,0.65,1524,508,3,0.29986876640419946,0.17519685039370078,0.12467191601049869,0.41575492341356673,0.0505249343832021,0.6305184276733042,0.24769728561913473,0.0479672230904483,9.06725321377547,4.454330119990018,1.5002667990676921,3.112656294717759
q8_bpsk_ebn0_4,test,0.7,1524,508,3,0.25984251968503935,0.15026246719160105,0.10958005249343832,0.4217171717171717,0.04068241469816275,0.6281400969916803,0.2520198432872053,0.04735244935569251,9.06725321377547,4.454330119990018,1.5002667990676921,3.112656294717759
q8_bpsk_ebn0_4,test,0.75,1524,508,3,0.2152230971128609,0.1272965879265092,0.08792650918635171,0.40853658536585363,0.039370078740157494,0.6249622638147279,0.2568264040678037,0.039734140146239084,9.06725321377547,4.454330119990018,1.5002667990676921,3.112656294717759
q8_bpsk_ebn0_4,val,0.1,582,194,3,0.7594501718213058,0.5378006872852233,0.22164948453608246,0.2918552036199095,0.3161512027491409,0.6135223975138693,0.2945563925897963,0.04355632642745168,8.372976977931803,4.115521644571751,1.5058012041535318,2.75165412920652
q8_bpsk_ebn0_4,val,0.15,582,194,3,0.7336769759450171,0.5309278350515464,0.2027491408934708,0.27634660421545665,0.32817869415807566,0.6265413908905014,0.30453171758897246,0.037077231845089605,8.372976977931803,4.115521644571751,1.5058012041535318,2.75165412920652
q8_bpsk_ebn0_4,val,0.2,582,194,3,0.7130584192439863,0.520618556701031,0.19243986254295534,0.26987951807228916,0.32817869415807566,0.635172902687836,0.31166251552496693,0.036346735760659284,8.372976977931803,4.115521644571751,1.5058012041535318,2.75165412920652
q8_bpsk_ebn0_4,val,0.25,582,194,3,0.6890034364261168,0.5120274914089347,0.17697594501718214,0.256857855361596,0.3350515463917525,0.6419696970254518,0.317528810341988,0.03324216045934078,8.372976977931803,4.115521644571751,1.5058012041535318,2.75165412920652
q8_bpsk_ebn0_4,val,0.3,582,194,3,0.6683848797250859,0.5017182130584192,0.16666666666666666,0.2493573264781491,0.3350515463917526,0.6473457583371208,0.322698058166703,0.031236909728362895,8.372976977931803,4.115521644571751,1.5058012041535318,2.75165412920652
q8_bpsk_ebn0_4,val,0.35,582,194,3,0.6580756013745704,0.4965635738831615,0.16151202749140894,0.2454308093994778,0.3350515463917526,0.6516323642664714,0.327045705161984,0.02993554883983076,8.372976977931803,4.115521644571751,1.5058012041535318,2.75165412920652
q8_bpsk_ebn0_4,val,0.4,582,194,3,0.634020618556701,0.48281786941580757,0.15120274914089346,0.23848238482384823,0.33161512027491413,0.6550962971202825,0.33109772673511256,0.02912201626341186,8.372976977931803,4.115521644571751,1.5058012041535318,2.75165412920652
q8_bpsk_ebn0_4,val,0.45,582,194,3,0.6099656357388317,0.4690721649484536,0.140893470790378,0.23098591549295774,0.32817869415807555,0.657822934038419,0.33466726085028103,0.028409617866787813,8.372976977931803,4.115521644571751,1.5058012041535318,2.75165412920652
q8_bpsk_ebn0_4,val,0.5,582,194,3,0.5927835051546392,0.45532646048109965,0.13745704467353953,0.2318840579710145,0.3178694158075601,0.6598490578937344,0.33771799849536727,0.02836145563440879,8.372976977931803,4.115521644571751,1.5058012041535318,2.75165412920652
q8_bpsk_ebn0_4,val,0.55,582,194,3,0.5687285223367697,0.4381443298969072,0.13058419243986255,0.229607250755287,0.3075601374570447,0.661508227275674,0.3403080721783095,0.028485960253946067,8.372976977931803,4.115521644571751,1.5058012041535318,2.75165412920652
q8_bpsk_ebn0_4,val,0.6,582,194,3,0.5378006872852233,0.41408934707903783,0.12371134020618557,0.23003194888178913,0.2903780068728523,0.6625363598115567,0.3426205038976461,0.02863051285488073,8.372976977931803,4.115521644571751,1.5058012041535318,2.75165412920652
q8_bpsk_ebn0_4,val,0.65,582,194,3,0.49828178694158076,0.38144329896907214,0.11683848797250859,0.23448275862068965,0.2646048109965635,0.6632310449182388,0.34464466918075304,0.030139356648355,8.372976977931803,4.115521644571751,1.5058012041535318,2.75165412920652
q8_bpsk_ebn0_4,val,0.7,582,194,3,0.4518900343642612,0.3470790378006873,0.10481099656357389,0.23193916349809887,0.24226804123711337,0.6634775301858911,0.34667397760224355,0.029101005565050932,8.372976977931803,4.115521644571751,1.5058012041535318,2.75165412920652
q8_bpsk_ebn0_4,val,0.75,582,194,3,0.40034364261168387,0.3075601374570447,0.09278350515463918,0.2317596566523605,0.2147766323024055,0.6629773424491395,0.34875950231573805,0.029041250096444322,8.372976977931803,4.115521644571751,1.5058012041535318,2.75165412920652
q8_bpsk_ebn0_6,test,0.1,1524,508,3,0.6213910761154856,0.3530183727034121,0.2683727034120735,0.43189017951425557,0.08464566929133854,0.6453740975986164,0.21265216722112273,0.09299423042106429,8.9570597768089,4.388825462830407,1.515945995787496,3.0522883181909974
q8_bpsk_ebn0_6,test,0.15,1524,508,3,0.5846456692913385,0.3320209973753281,0.2526246719160105,0.43209876543209874,0.07939632545931763,0.6498310115299681,0.2191439138287353,0.08872561613763906,8.9570597768089,4.388825462830407,1.515945995787496,3.0522883181909974
q8_bpsk_ebn0_6,test,0.2,1524,508,3,0.5577427821522309,0.3215223097112861,0.23622047244094488,0.4235294117647059,0.08530183727034124,0.6513384219062265,0.224611005923656,0.08286034649200912,8.9570597768089,4.388825462830407,1.515945995787496,3.0522883181909974
q8_bpsk_ebn0_6,test,0.25,1524,508,3,0.5334645669291339,0.30577427821522307,0.22769028871391075,0.4268142681426814,0.07808398950131223,0.6512295799513981,0.23006791293750423,0.07920823315844036,8.9570597768089,4.388825462830407,1.515945995787496,3.0522883181909974
q8_bpsk_ebn0_6,test,0.3,1524,508,3,0.5131233595800525,0.2946194225721785,0.21850393700787402,0.4258312020460358,0.07611548556430447,0.6502103411225562,0.23546528756870183,0.07493788580555867,8.9570597768089,4.388825462830407,1.515945995787496,3.0522883181909974
q8_bpsk_ebn0_6,test,0.35,1524,508,3,0.48884514435695536,0.28083989501312334,0.20800524934383202,0.425503355704698,0.07283464566929132,0.6486168916048017,0.2405959792400684,0.07100745120834044,8.9570597768089,4.388825462830407,1.515945995787496,3.0522883181909974
q8_bpsk_ebn0_6,test,0.4,1524,508,3,0.4678477690288714,0.2690288713910761,0.19881889763779528,0.42496493688639553,0.07020997375328086,0.6465546971785104,0.2456433590141664,0.06738705421267624,8.9570597768089,4.388825462830407,1.515945995787496,3.0522883181909974
q8_bpsk_ebn0_6,test,0.45,1524,508,3,0.4376640419947507,0.25918635170603677,0.1784776902887139,0.4077961019490255,0.08070866141732286,0.644384132514177,0.2504674457304432,0.060416499375283754,8.9570597768089,4.388825462830407,1.515945995787496,3.0522883181909974
q8_bpsk_ebn0_6,test,0.5,1524,508,3,0.4225721784776903,0.25393700787401574,0.16863517060367453,0.39906832298136646,0.08530183727034119,0.6422711134673688,0.25487115344031724,0.05777913173421345,8.9570597768089,4.388825462830407,1.515945995787496,3.0522883181909974
q8_bpsk_ebn0_6,test,0.55,1524,508,3,0.3884514435695538,0.22965879265091863,0.15879265091863518,0.40878378378378377,0.07086614173228345,0.6402709103283301,0.25869290490549707,0.05872946971423238,8.9570597768089,4.388825462830407,1.515945995787496,3.0522883181909974
q8_bpsk_ebn0_6,test,0.6,1524,508,3,0.349737532808399,0.2001312335958005,0.14960629921259844,0.4277673545966229,0.05052493438320205,0.638103654270614,0.2624292742405605,0.058549600644530894,8.9570597768089,4.388825462830407,1.515945995787496,3.0522883181909974
q8_bpsk_ebn0_6,test,0.65,1524,508,3,0.307742782152231,0.1778215223097113,0.12992125984251968,0.42217484008528783,0.04790026246719159,0.6356605789145289,0.26613318924040286,0.05659675523046903,8.9570597768089,4.388825462830407,1.515945995787496,3.0522883181909974
q8_bpsk_ebn0_6,test,0.7,1524,508,3,0.260498687664042,0.14829396325459318,0.11220472440944881,0.43073047858942065,0.03608923884514437,0.6326430310510647,0.2701405789676556,0.058255681511066096,8.9570597768089,4.388825462830407,1.515945995787496,3.0522883181909974
q8_bpsk_ebn0_6,test,0.75,1524,508,3,0.20603674540682415,0.11811023622047244,0.08792650918635171,0.4267515923566879,0.030183727034120728,0.6290162619083945,0.2746727259199297,0.05563954163374428,8.9570597768089,4.388825462830407,1.515945995787496,3.0522883181909974
q8_bpsk_ebn0_6,val,0.1,582,194,3,0.7646048109965635,0.5360824742268041,0.22852233676975944,0.298876404494382,0.3075601374570447,0.6377232298252129,0.31165716557147766,0.04795265360354546,8.218183338600515,4.051854645535734,1.4537986187117105,2.7125300743530705
q8_bpsk_ebn0_6,val,0.15,582,194,3,0.7353951890034365,0.5309278350515464,0.20446735395189003,0.2780373831775701,0.3264604810996563,0.6469345234942244,0.3199422772673705,0.038838639374352495,8.218183338600515,4.051854645535734,1.4537986187117105,2.7125300743530705
q8_bpsk_ebn0_6,val,0.2,582,194,3,0.7096219931271478,0.5223367697594502,0.1872852233676976,0.2639225181598063,0.3350515463917526,0.6529184179196041,0.3258835228488241,0.036443829058451144,8.218183338600515,4.051854645535734,1.4537986187117105,2.7125300743530705
q8_bpsk_ebn0_6,val,0.25,582,194,3,0.697594501718213,0.5171821305841925,0.18041237113402062,0.25862068965517243,0.33676975945017196,0.6574221164867204,0.3311190568040017,0.03630758701775296,8.218183338600515,4.051854645535734,1.4537986187117105,2.7125300743530705
q8_bpsk_ebn0_6,val,0.3,582,194,3,0.6872852233676976,0.5137457044673539,0.17353951890034364,0.2525,0.3402061855670102,0.6609155660231595,0.3356969085060027,0.036222451693942066,8.218183338600515,4.051854645535734,1.4537986187117105,2.7125300743530705
q8_bpsk_ebn0_6,val,0.35,582,194,3,0.6786941580756014,0.506872852233677,0.1718213058419244,0.25316455696202533,0.3350515463917525,0.6640749985056869,0.33935134187247806,0.03619785024904128,8.218183338600515,4.051854645535734,1.4537986187117105,2.7125300743530705
q8_bpsk_ebn0_6,val,0.4,582,194,3,0.6666666666666666,0.5034364261168385,0.16323024054982818,0.24484536082474226,0.3402061855670103,0.6668912598537973,0.34278870540217987,0.03622447683733201,8.218183338600515,4.051854645535734,1.4537986187117105,2.7125300743530705
q8_bpsk_ebn0_6,val,0.45,582,194,3,0.6512027491408935,0.4879725085910653,0.16323024054982818,0.25065963060686014,0.32474226804123707,0.6691325255744007,0.3459936107094257,0.03657148087517026,8.218183338600515,4.051854645535734,1.4537986187117105,2.7125300743530705
q8_bpsk_ebn0_6,val,0.5,582,194,3,0.6357388316151202,0.47766323024054985,0.15807560137457044,0.24864864864864866,0.31958762886597947,0.6709424013067696,0.3486913047237547,0.036739622373756636,8.218183338600515,4.051854645535734,1.4537986187117105,2.7125300743530705
q8_bpsk_ebn0_6,val,0.55,582,194,3,0.6151202749140894,0.4639175257731959,0.15120274914089346,0.24581005586592178,0.3127147766323024,0.6720460677017313,0.35090316389092485,0.03761117031489526,8.218183338600515,4.051854645535734,1.4537986187117105,2.7125300743530705
q8_bpsk_ebn0_6,val,0.6,582,194,3,0.5927835051546392,0.45017182130584193,0.14261168384879724,0.24057971014492754,0.3075601374570447,0.672748502242247,0.35291369624900404,0.03733444801847052,8.218183338600515,4.051854645535734,1.4537986187117105,2.7125300743530705
q8_bpsk_ebn0_6,val,0.65,582,194,3,0.520618556701031,0.40034364261168387,0.12027491408934708,0.23102310231023102,0.2800687285223368,0.673231855968442,0.3545998851758544,0.039474134264666734,8.218183338600515,4.051854645535734,1.4537986187117105,2.7125300743530705
q8_bpsk_ebn0_6,val,0.7,582,194,3,0.45532646048109965,0.3436426116838488,0.11168384879725086,0.24528301886792453,0.23195876288659795,0.6732436082952259,0.35637554871500493,0.041360051950677136,8.218183338600515,4.051854645535734,1.4537986187117105,2.7125300743530705
q8_bpsk_ebn0_6,val,0.75,582,194,3,0.37628865979381443,0.28350515463917525,0.09278350515463918,0.2465753424657534,0.19072164948453607,0.672679317655122,0.35800687327995484,0.044339383999457076,8.218183338600515,4.051854645535734,1.4537986187117105,2.7125300743530705
q8_bpsk_ebn0_8,test,0.1,1524,508,3,0.6148293963254593,0.34448818897637795,0.27034120734908135,0.439701173959445,0.0741469816272966,0.648777912468285,0.21582846180786427,0.0965197829437282,8.917358793285272,4.403045735709379,1.4919344475737277,3.0223786100021655
q8_bpsk_ebn0_8,test,0.15,1524,508,3,0.5793963254593176,0.32808398950131235,0.25131233595800523,0.4337485843714609,0.07677165354330706,0.65211591853639,0.2221182419498706,0.0917005278361159,8.917358793285272,4.403045735709379,1.4919344475737277,3.0223786100021655
q8_bpsk_ebn0_8,test,0.2,1524,508,3,0.550524934383202,0.3136482939632546,0.2368766404199475,0.4302741358760429,0.07677165354330717,0.6530509096642865,0.2275125434710207,0.08719175632328965,8.917358793285272,4.403045735709379,1.4919344475737277,3.0223786100021655
q8_bpsk_ebn0_8,test,0.25,1524,508,3,0.5203412073490814,0.2992125984251969,0.2211286089238845,0.424968474148802,0.07808398950131235,0.6524759463788582,0.2328825743815898,0.08281824877443873,8.917358793285272,4.403045735709379,1.4919344475737277,3.0223786100021655
q8_bpsk_ebn0_8,test,0.3,1524,508,3,0.5006561679790026,0.2847769028871391,0.2158792650918635,0.43119266055045874,0.06889763779527558,0.6510613677744279,0.23829628500324693,0.07911639771701691,8.917358793285272,4.403045735709379,1.4919344475737277,3.0223786100021655
q8_bpsk_ebn0_8,test,0.35,1524,508,3,0.4816272965879265,0.2723097112860892,0.20931758530183728,0.43460490463215257,0.06299212598425191,0.6491504341354037,0.2433514024006307,0.07697699870390964,8.917358793285272,4.403045735709379,1.4919344475737277,3.0223786100021655
q8_bpsk_ebn0_8,test,0.4,1524,508,3,0.4553805774278215,0.2631233595800525,0.19225721784776903,0.42219020172910665,0.0708661417322835,0.6468426755989634,0.24853053955836843,0.06889203369256752,8.917358793285272,4.403045735709379,1.4919344475737277,3.0223786100021655
q8_bpsk_ebn0_8,test,0.45,1524,508,3,0.4363517060367454,0.2578740157480315,0.1784776902887139,0.40902255639097745,0.07939632545931757,0.6446494020219392,0.25341746630957224,0.062465642899870555,8.917358793285272,4.403045735709379,1.4919344475737277,3.0223786100021655
q8_bpsk_ebn0_8,test,0.5,1524,508,3,0.41732283464566927,0.25,0.1673228346456693,0.4009433962264151,0.08267716535433073,0.642523531243518,0.2578484521536711,0.05928073569614023,8.917358793285272,4.403045735709379,1.4919344475737277,3.0223786100021655
q8_bpsk_ebn0_8,test,0.55,1524,508,3,0.38648293963254593,0.2283464566929134,0.15813648293963253,0.4091680814940577,0.07020997375328086,0.640478387987608,0.2617995849296426,0.06098118910093134,8.917358793285272,4.403045735709379,1.4919344475737277,3.0223786100021655
q8_bpsk_ebn0_8,test,0.6,1524,508,3,0.3458005249343832,0.19488188976377951,0.15091863517060367,0.4364326375711575,0.04396325459317585,0.638377835905752,0.265478999548635,0.0606565819035515,8.917358793285272,4.403045735709379,1.4919344475737277,3.0223786100021655
q8_bpsk_ebn0_8,test,0.65,1524,508,3,0.30708661417322836,0.1725721784776903,0.13451443569553806,0.43803418803418803,0.03805774278215224,0.635886749686178,0.26929306464694475,0.06131008859728039,8.917358793285272,4.403045735709379,1.4919344475737277,3.0223786100021655
q8_bpsk_ebn0_8,test,0.7,1524,508,3,0.2637795275590551,0.15354330708661418,0.11023622047244094,0.417910447761194,0.04330708661417326,0.6330347835704672,0.2732512500508301,0.06129241979325742,8.917358793285272,4.403045735709379,1.4919344475737277,3.0223786100021655
q8_bpsk_ebn0_8,test,0.75,1524,508,3,0.20341207349081364,0.11876640419947507,0.08464566929133858,0.4161290322580645,0.034120734908136496,0.6295128787776686,0.27764647552668464,0.05622910526805929,8.917358793285272,4.403045735709379,1.4919344475737277,3.0223786100021655
q8_bpsk_ebn0_8,val,0.1,582,194,3,0.7680412371134021,0.5360824742268041,0.23195876288659795,0.30201342281879195,0.3041237113402061,0.6418768314153125,0.315316281219874,0.049453768412777495,8.061913576591568,4.006417698220468,1.421744506758129,2.633751371612971
q8_bpsk_ebn0_8,val,0.15,582,194,3,0.7336769759450171,0.5309278350515464,0.2027491408934708,0.27634660421545665,0.32817869415807566,0.6502035420074745,0.32320163689714426,0.039609273473413115,8.061913576591568,4.006417698220468,1.421744506758129,2.633751371612971
q8_bpsk_ebn0_8,val,0.2,582,194,3,0.7096219931271478,0.520618556701031,0.18900343642611683,0.26634382566585957,0.33161512027491413,0.6558403717864543,0.3288408790282986,0.036797665299302534,8.061913576591568,4.006417698220468,1.421744506758129,2.633751371612971
q8_bpsk_ebn0_8,val,0.25,582,194,3,0.6993127147766323,0.520618556701031,0.17869415807560138,0.25552825552825553,0.34192439862542967,0.6600248021556437,0.3339442947743295,0.03628468386442679,8.061913576591568,4.006417698220468,1.421744506758129,2.633751371612971
q8_bpsk_ebn0_8,val,0.3,582,194,3,0.6941580756013745,0.5154639175257731,0.17869415807560138,0.25742574257425743,0.33676975945017174,0.663589488857273,0.3382075888482503,0.036253893607559255,8.061913576591568,4.006417698220468,1.421744506758129,2.633751371612971
q8_bpsk_ebn0_8,val,0.35,582,194,3,0.6838487972508591,0.5103092783505154,0.17353951890034364,0.2537688442211055,0.33676975945017174,0.6665475001321867,0.34170988515260287,0.036360809467010265,8.061913576591568,4.006417698220468,1.421744506758129,2.633751371612971
q8_bpsk_ebn0_8,val,0.4,582,194,3,0.6752577319587629,0.5103092783505154,0.16494845360824742,0.24427480916030533,0.3453608247422679,0.669205897416988,0.3450664629347719,0.03643441931052962,8.061913576591568,4.006417698220468,1.421744506758129,2.633751371612971
q8_bpsk_ebn0_8,val,0.45,582,194,3,0.6494845360824743,0.4845360824742268,0.16494845360824742,0.25396825396825395,0.31958762886597936,0.6714710002664347,0.34809851185131635,0.037470720013379546,8.061913576591568,4.006417698220468,1.421744506758129,2.633751371612971
q8_bpsk_ebn0_8,val,0.5,582,194,3,0.6443298969072165,0.4793814432989691,0.16494845360824742,0.256,0.31443298969072164,0.673197929465639,0.35085111295894583,0.03709639479499149,8.061913576591568,4.006417698220468,1.421744506758129,2.633751371612971
q8_bpsk_ebn0_8,val,0.55,582,194,3,0.6219931271477663,0.46048109965635736,0.16151202749140894,0.2596685082872928,0.2989690721649484,0.6742606459286086,0.3529948418463783,0.03776043398794837,8.061913576591568,4.006417698220468,1.421744506758129,2.633751371612971
q8_bpsk_ebn0_8,val,0.6,582,194,3,0.5996563573883161,0.4570446735395189,0.14261168384879724,0.23782234957020057,0.31443298969072164,0.674943254000726,0.35487003492119895,0.03713805399338847,8.061913576591568,4.006417698220468,1.421744506758129,2.633751371612971
q8_bpsk_ebn0_8,val,0.65,582,194,3,0.5240549828178694,0.4054982817869416,0.11855670103092783,0.2262295081967213,0.2869415807560137,0.6753265802211844,0.3564863267572284,0.039251339232460915,8.061913576591568,4.006417698220468,1.421744506758129,2.633751371612971
q8_bpsk_ebn0_8,val,0.7,582,194,3,0.46735395189003437,0.35051546391752575,0.11683848797250859,0.25,0.23367697594501713,0.6753113486160662,0.35813775504532047,0.04116495059782523,8.061913576591568,4.006417698220468,1.421744506758129,2.633751371612971
q8_bpsk_ebn0_8,val,0.75,582,194,3,0.3745704467353952,0.281786941580756,0.09278350515463918,0.24770642201834864,0.18900343642611683,0.6747439991148716,0.35977484004105903,0.04424689439540943,8.061913576591568,4.006417698220468,1.421744506758129,2.633751371612971
q8_ideal,test,0.1,508,508,1,0.6161417322834646,0.34448818897637795,0.27165354330708663,0.44089456869009586,0.07283464566929132,0.6488850533584699,0.21627902827295087,0.09734007646826583,7.638562014179788,4.406775585760721,0.4674551300851144,2.764331298333952
q8_ideal,test,0.15,508,508,1,0.5787401574803149,0.328740157480315,0.25,0.43197278911564624,0.07874015748031504,0.6522107827583743,0.2225390743979929,0.09248053538845112,7.638562014179788,4.406775585760721,0.4674551300851144,2.764331298333952
q8_ideal,test,0.2,508,508,1,0.5511811023622047,0.31496062992125984,0.23622047244094488,0.42857142857142855,0.07874015748031493,0.6530903291593644,0.2279111122051442,0.08711244963111536,7.638562014179788,4.406775585760721,0.4674551300851144,2.764331298333952
q8_ideal,test,0.25,508,508,1,0.5216535433070866,0.2992125984251969,0.22244094488188976,0.42641509433962266,0.07677165354330717,0.6524883978347535,0.23322589597803442,0.08341434836532707,7.638562014179788,4.406775585760721,0.4674551300851144,2.764331298333952
q8_ideal,test,0.3,508,508,1,0.5,0.2854330708661417,0.21456692913385828,0.42913385826771655,0.07086614173228345,0.6510136775982366,0.23865279739335124,0.07925891045020808,7.638562014179788,4.406775585760721,0.4674551300851144,2.764331298333952
q8_ideal,test,0.35,508,508,1,0.48031496062992124,0.26968503937007876,0.2106299212598425,0.4385245901639344,0.05905511811023628,0.6490546444716879,0.24364177253483463,0.07787062735968824,7.638562014179788,4.406775585760721,0.4674551300851144,2.764331298333952
q8_ideal,test,0.4,508,508,1,0.4547244094488189,0.2618110236220472,0.19291338582677164,0.42424242424242425,0.06889763779527552,0.6466811898719478,0.24879013934078995,0.07068799379369635,7.638562014179788,4.406775585760721,0.4674551300851144,2.764331298333952
q8_ideal,test,0.45,508,508,1,0.43700787401574803,0.2578740157480315,0.17913385826771652,0.4099099099099099,0.07874015748031493,0.6444483539844018,0.25367916585788747,0.0630333021221624,7.638562014179788,4.406775585760721,0.4674551300851144,2.764331298333952
q8_ideal,test,0.5,508,508,1,0.41732283464566927,0.25,0.1673228346456693,0.4009433962264151,0.08267716535433073,0.6423260582633934,0.25805966523316265,0.06000772160711583,7.638562014179788,4.406775585760721,0.4674551300851144,2.764331298333952
q8_ideal,test,0.55,508,508,1,0.3858267716535433,0.2283464566929134,0.15748031496062992,0.40816326530612246,0.0708661417322835,0.6402364461067294,0.2620247498899613,0.061263178579730314,7.638562014179788,4.406775585760721,0.4674551300851144,2.764331298333952
q8_ideal,test,0.6,508,508,1,0.34448818897637795,0.19291338582677164,0.1515748031496063,0.44,0.041338582677165336,0.6381189720412245,0.26573596074978545,0.060894635808115535,7.638562014179788,4.406775585760721,0.4674551300851144,2.764331298333952
q8_ideal,test,0.65,508,508,1,0.30708661417322836,0.17125984251968504,0.13582677165354332,0.4423076923076923,0.035433070866141725,0.6356113739175313,0.2695924307407357,0.06161138121240739,7.638562014179788,4.406775585760721,0.4674551300851144,2.764331298333952
q8_ideal,test,0.7,508,508,1,0.265748031496063,0.15354330708661418,0.11220472440944881,0.4222222222222222,0.041338582677165336,0.632721084303646,0.2735520614719983,0.06219443849515204,7.638562014179788,4.406775585760721,0.4674551300851144,2.764331298333952
q8_ideal,test,0.75,508,508,1,0.20275590551181102,0.11811023622047244,0.08464566929133858,0.4174757281553398,0.033464566929133854,0.629202942700744,0.2779512253081862,0.05647254912759294,7.638562014179788,4.406775585760721,0.4674551300851144,2.764331298333952
q8_ideal,val,0.1,194,194,1,0.7680412371134021,0.5360824742268041,0.23195876288659795,0.30201342281879195,0.3041237113402061,0.6422328882689851,0.3153349674515049,0.0488946210741711,7.160944843751177,4.123174228955099,0.5347231935863335,2.5030474212097444
q8_ideal,val,0.15,194,194,1,0.7371134020618557,0.5309278350515464,0.20618556701030927,0.27972027972027974,0.32474226804123707,0.6504338853913421,0.32319559554364424,0.04016938390396486,7.160944843751177,4.123174228955099,0.5347231935863335,2.5030474212097444
q8_ideal,val,0.2,194,194,1,0.711340206185567,0.520618556701031,0.19072164948453607,0.26811594202898553,0.3298969072164949,0.6560001383256643,0.3286594416794204,0.03681735965707512,7.160944843751177,4.123174228955099,0.5347231935863335,2.5030474212097444
q8_ideal,val,0.25,194,194,1,0.7010309278350515,0.520618556701031,0.18041237113402062,0.25735294117647056,0.34020618556701043,0.6600566480813388,0.33394796716252334,0.0363117018740092,7.160944843751177,4.123174228955099,0.5347231935863335,2.5030474212097444
q8_ideal,val,0.3,194,194,1,0.6958762886597938,0.5154639175257731,0.18041237113402062,0.25925925925925924,0.3350515463917525,0.6635722751080367,0.33831192798347254,0.03628118777587159,7.160944843751177,4.123174228955099,0.5347231935863335,2.5030474212097444
q8_ideal,val,0.35,194,194,1,0.6855670103092784,0.5103092783505154,0.17525773195876287,0.2556390977443609,0.3350515463917525,0.6665153984498364,0.3417327370232905,0.03629710918115414,7.160944843751177,4.123174228955099,0.5347231935863335,2.5030474212097444
q8_ideal,val,0.4,194,194,1,0.6752577319587629,0.5103092783505154,0.16494845360824742,0.24427480916030533,0.3453608247422679,0.6691258809423972,0.3450232547971391,0.03619042335389118,7.160944843751177,4.123174228955099,0.5347231935863335,2.5030474212097444
q8_ideal,val,0.45,194,194,1,0.654639175257732,0.4896907216494845,0.16494845360824742,0.25196850393700787,0.32474226804123707,0.6713684692736507,0.34815917348552883,0.03696404591695093,7.160944843751177,4.123174228955099,0.5347231935863335,2.5030474212097444
q8_ideal,val,0.5,194,194,1,0.6443298969072165,0.4793814432989691,0.16494845360824742,0.256,0.31443298969072164,0.6731137327127398,0.3509319464208749,0.0368924690403808,7.160944843751177,4.123174228955099,0.5347231935863335,2.5030474212097444
q8_ideal,val,0.55,194,194,1,0.6237113402061856,0.4639175257731959,0.15979381443298968,0.256198347107438,0.3041237113402062,0.6741688976824763,0.3531445350801144,0.0374080063788466,7.160944843751177,4.123174228955099,0.5347231935863335,2.5030474212097444
q8_ideal,val,0.6,194,194,1,0.6030927835051546,0.4587628865979381,0.14432989690721648,0.23931623931623933,0.31443298969072164,0.6749131829898335,0.3549663210808295,0.037117367612234206,7.160944843751177,4.123174228955099,0.5347231935863335,2.5030474212097444
q8_ideal,val,0.65,194,194,1,0.520618556701031,0.4020618556701031,0.11855670103092783,0.22772277227722773,0.28350515463917525,0.6753196131402753,0.3566017300418835,0.039992561931725505,7.160944843751177,4.123174228955099,0.5347231935863335,2.5030474212097444
q8_ideal,val,0.7,194,194,1,0.4690721649484536,0.35051546391752575,0.11855670103092783,0.25274725274725274,0.2319587628865979,0.6752932576872115,0.35829442700280456,0.04150076867367813,7.160944843751177,4.123174228955099,0.5347231935863335,2.5030474212097444
q8_ideal,val,0.75,194,194,1,0.37628865979381443,0.28350515463917525,0.09278350515463918,0.2465753424657534,0.19072164948453607,0.6747228600921766,0.35988095070014764,0.044969251069730466,7.160944843751177,4.123174228955099,0.5347231935863335,2.5030474212097444
q8_rep3_ebn0_0,test,0.1,1524,508,3,0.6410761154855643,0.3648293963254593,0.276246719160105,0.43091095189355166,0.08858267716535428,0.5906212691192093,0.18562058466274373,0.08679877064498566,9.255537732071646,4.453563193571839,1.6941805735286668,3.1077939649711404
q8_rep3_ebn0_0,test,0.15,1524,508,3,0.6076115485564304,0.3510498687664042,0.25656167979002625,0.4222462203023758,0.09448818897637801,0.6056650026635987,0.1914075857758813,0.07894517642596519,9.255537732071646,4.453563193571839,1.6941805735286668,3.1077939649711404
q8_rep3_ebn0_0,test,0.2,1524,508,3,0.5721784776902887,0.3353018372703412,0.2368766404199475,0.4139908256880734,0.09842519685039364,0.614266513333269,0.1967536702152978,0.07371476368742479,9.255537732071646,4.453563193571839,1.6941805735286668,3.1077939649711404
q8_rep3_ebn0_0,test,0.25,1524,508,3,0.5479002624671916,0.3241469816272966,0.223753280839895,0.40838323353293415,0.10039370078740162,0.6196930491992155,0.20221456401612656,0.06659580782484557,9.255537732071646,4.453563193571839,1.6941805735286668,3.1077939649711404
q8_rep3_ebn0_0,test,0.3,1524,508,3,0.5190288713910761,0.30708661417322836,0.21194225721784776,0.4083438685208597,0.0951443569553806,0.6232691330011818,0.20773884114008445,0.06415022160963631,9.255537732071646,4.453563193571839,1.6941805735286668,3.1077939649711404
q8_rep3_ebn0_0,test,0.35,1524,508,3,0.5,0.29658792650918636,0.20341207349081364,0.4068241469816273,0.09317585301837272,0.6254018381370486,0.21304343601148906,0.06019157225615133,9.255537732071646,4.453563193571839,1.6941805735286668,3.1077939649711404
q8_rep3_ebn0_0,test,0.4,1524,508,3,0.47965879265091865,0.28805774278215224,0.19160104986876642,0.399452804377565,0.09645669291338582,0.6262731255858174,0.2181734322195171,0.053949964705766344,9.255537732071646,4.453563193571839,1.6941805735286668,3.1077939649711404
q8_rep3_ebn0_0,test,0.45,1524,508,3,0.4468503937007874,0.2683727034120735,0.1784776902887139,0.39941262848751835,0.08989501312335957,0.6262579604401192,0.2231956459336713,0.052130407574160764,9.255537732071646,4.453563193571839,1.6941805735286668,3.1077939649711404
q8_rep3_ebn0_0,test,0.5,1524,508,3,0.41929133858267714,0.25196850393700787,0.1673228346456693,0.39906103286384975,0.0846456692913386,0.6260216929035755,0.22777268792859331,0.05019111304865262,9.255537732071646,4.453563193571839,1.6941805735286668,3.1077939649711404
q8_rep3_ebn0_0,test,0.55,1524,508,3,0.38188976377952755,0.23097112860892388,0.15091863517060367,0.3951890034364261,0.08005249343832022,0.6254812542349177,0.23194989776205815,0.04784654559438726,9.255537732071646,4.453563193571839,1.6941805735286668,3.1077939649711404
q8_rep3_ebn0_0,test,0.6,1524,508,3,0.3359580052493438,0.20406824146981628,0.13188976377952755,0.392578125,0.07217847769028873,0.6247258426139566,0.2359543451200233,0.04552401497633272,9.255537732071646,4.453563193571839,1.6941805735286668,3.1077939649711404
q8_rep3_ebn0_0,test,0.65,1524,508,3,0.2979002624671916,0.18438320209973752,0.11351706036745407,0.381057268722467,0.07086614173228345,0.6236887546710299,0.24010517623806524,0.044234693674616486,9.255537732071646,4.453563193571839,1.6941805735286668,3.1077939649711404
q8_rep3_ebn0_0,test,0.7,1524,508,3,0.2526246719160105,0.14829396325459318,0.10433070866141732,0.412987012987013,0.04396325459317585,0.6221223279246177,0.24444935356123232,0.04514513089302161,9.255537732071646,4.453563193571839,1.6941805735286668,3.1077939649711404
q8_rep3_ebn0_0,test,0.75,1524,508,3,0.2106299212598425,0.1220472440944882,0.08858267716535433,0.4205607476635514,0.03346456692913388,0.6198780161624662,0.24916931526957112,0.04506330875815169,9.255537732071646,4.453563193571839,1.6941805735286668,3.1077939649711404
q8_rep3_ebn0_0,val,0.1,582,194,3,0.7491408934707904,0.5257731958762887,0.22336769759450173,0.2981651376146789,0.302405498281787,0.5969082197623353,0.28527306517242573,0.04641685052098824,8.23735240790865,3.997568041886302,1.5967615137574394,2.643022852264908
q8_rep3_ebn0_0,val,0.15,582,194,3,0.7199312714776632,0.5189003436426117,0.20103092783505155,0.27923627684964203,0.31786941580756023,0.611158109420621,0.29600228495787106,0.03949415200887761,8.23735240790865,3.997568041886302,1.5967615137574394,2.643022852264908
q8_rep3_ebn0_0,val,0.2,582,194,3,0.7079037800687286,0.5120274914089347,0.1958762886597938,0.2766990291262136,0.31615120274914077,0.6205452289498624,0.30368208390604223,0.036780849869563884,8.23735240790865,3.997568041886302,1.5967615137574394,2.643022852264908
q8_rep3_ebn0_0,val,0.25,582,194,3,0.6872852233676976,0.5,0.1872852233676976,0.2725,0.3127147766323024,0.627972662667516,0.31015760133776277,0.03623690744597976,8.23735240790865,3.997568041886302,1.5967615137574394,2.643022852264908
q8_rep3_ebn0_0,val,0.3,582,194,3,0.6666666666666666,0.49140893470790376,0.17525773195876287,0.26288659793814434,0.3161512027491409,0.6338578503481055,0.31588801339585953,0.034857400420568,8.23735240790865,3.997568041886302,1.5967615137574394,2.643022852264908
q8_rep3_ebn0_0,val,0.35,582,194,3,0.6460481099656358,0.48625429553264604,0.15979381443298968,0.2473404255319149,0.3264604810996563,0.6384965022377593,0.32083369783338456,0.031662425840228596,8.23735240790865,3.997568041886302,1.5967615137574394,2.643022852264908
q8_rep3_ebn0_0,val,0.4,582,194,3,0.6288659793814433,0.47079037800687284,0.15807560137457044,0.25136612021857924,0.3127147766323024,0.642494315672556,0.32520749620750394,0.031142336790537753,8.23735240790865,3.997568041886302,1.5967615137574394,2.643022852264908
q8_rep3_ebn0_0,val,0.45,582,194,3,0.6065292096219931,0.4587628865979381,0.14776632302405499,0.24362606232294617,0.31099656357388317,0.6456816189816023,0.32903963822537996,0.030296327283074423,8.23735240790865,3.997568041886302,1.5967615137574394,2.643022852264908
q8_rep3_ebn0_0,val,0.5,582,194,3,0.5910652920962199,0.4518900343642612,0.13917525773195877,0.23546511627906977,0.3127147766323024,0.6483702618188284,0.33236194081266285,0.027901911289432473,8.23735240790865,3.997568041886302,1.5967615137574394,2.643022852264908
q8_rep3_ebn0_0,val,0.55,582,194,3,0.5515463917525774,0.4261168384879725,0.1254295532646048,0.22741433021806853,0.30068728522336763,0.6502519698594788,0.3351934153620154,0.028362990499267573,8.23735240790865,3.997568041886302,1.5967615137574394,2.643022852264908
q8_rep3_ebn0_0,val,0.6,582,194,3,0.5154639175257731,0.40034364261168387,0.11512027491408934,0.22333333333333333,0.2852233676975946,0.6517069098322855,0.33767697177273204,0.02659294325834822,8.23735240790865,3.997568041886302,1.5967615137574394,2.643022852264908
q8_rep3_ebn0_0,val,0.65,582,194,3,0.4725085910652921,0.3711340206185567,0.1013745704467354,0.21454545454545454,0.26975945017182135,0.6528920687859595,0.34000059481331957,0.026503690557993148,8.23735240790865,3.997568041886302,1.5967615137574394,2.643022852264908
q8_rep3_ebn0_0,val,0.7,582,194,3,0.4329896907216495,0.3384879725085911,0.09450171821305842,0.21825396825396826,0.24398625429553267,0.6535154874481569,0.3422138843387165,0.026897380422458678,8.23735240790865,3.997568041886302,1.5967615137574394,2.643022852264908
q8_rep3_ebn0_0,val,0.75,582,194,3,0.37285223367697595,0.29037800687285226,0.08247422680412371,0.22119815668202766,0.20790378006872856,0.6536589263369793,0.3445485824196006,0.02723729100568768,8.23735240790865,3.997568041886302,1.5967615137574394,2.643022852264908
q8_rep3_ebn0_2,test,0.1,1524,508,3,0.6174540682414699,0.349737532808399,0.2677165354330709,0.43358129649309246,0.08202099737532809,0.6420305207443885,0.21003416018139046,0.09236599622051819,8.900088976287671,4.316454525948979,1.5987057104068771,2.984928739931816
q8_rep3_ebn0_2,test,0.15,1524,508,3,0.5866141732283464,0.33398950131233596,0.2526246719160105,0.4306487695749441,0.0813648293963255,0.6476790263186165,0.21635563282047407,0.08543611992712496,8.900088976287671,4.316454525948979,1.5987057104068771,2.984928739931816
q8_rep3_ebn0_2,test,0.2,1524,508,3,0.5590551181102362,0.32217847769028873,0.2368766404199475,0.42370892018779344,0.08530183727034124,0.6501228320818322,0.22161969219651453,0.08055515343410981,8.900088976287671,4.316454525948979,1.5987057104068771,2.984928739931816
q8_rep3_ebn0_2,test,0.25,1524,508,3,0.5328083989501312,0.30577427821522307,0.22703412073490814,0.42610837438423643,0.07874015748031493,0.6505817522869012,0.22691880141615994,0.07803481450280467,8.900088976287671,4.316454525948979,1.5987057104068771,2.984928739931816
q8_rep3_ebn0_2,test,0.3,1524,508,3,0.505249343832021,0.29133858267716534,0.21391076115485563,0.42337662337662335,0.07742782152230965,0.6501040952979734,0.23217721716705916,0.07297492469234321,8.900088976287671,4.316454525948979,1.5987057104068771,2.984928739931816
q8_rep3_ebn0_2,test,0.35,1524,508,3,0.49081364829396323,0.2841207349081365,0.20669291338582677,0.42112299465240643,0.07742782152230976,0.6490643318257296,0.2370303621053909,0.07024815569830443,8.900088976287671,4.316454525948979,1.5987057104068771,2.984928739931816
q8_rep3_ebn0_2,test,0.4,1524,508,3,0.4645669291338583,0.2736220472440945,0.19094488188976377,0.4110169491525424,0.08267716535433073,0.6473515362474421,0.24200276963264755,0.06307457727767542,8.900088976287671,4.316454525948979,1.5987057104068771,2.984928739931816
q8_rep3_ebn0_2,test,0.45,1524,508,3,0.4409448818897638,0.25984251968503935,0.18110236220472442,0.4107142857142857,0.07874015748031493,0.6453010470130037,0.24702508199778406,0.06046933893430687,8.900088976287671,4.316454525948979,1.5987057104068771,2.984928739931816
q8_rep3_ebn0_2,test,0.5,1524,508,3,0.4199475065616798,0.24934383202099739,0.17060367454068243,0.40625,0.07874015748031499,0.643270580864312,0.2515173975692833,0.05592641168858353,8.900088976287671,4.316454525948979,1.5987057104068771,2.984928739931816
q8_rep3_ebn0_2,test,0.55,1524,508,3,0.3851706036745407,0.22572178477690288,0.1594488188976378,0.41396933560477,0.06627296587926507,0.6413175094294749,0.25547143401962236,0.055829739736290185,8.900088976287671,4.316454525948979,1.5987057104068771,2.984928739931816
q8_rep3_ebn0_2,test,0.6,1524,508,3,0.3451443569553806,0.19619422572178477,0.1489501312335958,0.43155893536121676,0.04724409448818895,0.6391351084640559,0.2592987953909164,0.05749381772467785,8.900088976287671,4.316454525948979,1.5987057104068771,2.984928739931816
q8_rep3_ebn0_2,test,0.65,1524,508,3,0.29986876640419946,0.16929133858267717,0.13057742782152232,0.43544857768052514,0.03871391076115488,0.6367404943411824,0.2630567062264259,0.05854383747375554,8.900088976287671,4.316454525948979,1.5987057104068771,2.984928739931816
q8_rep3_ebn0_2,test,0.7,1524,508,3,0.2578740157480315,0.14698162729658792,0.11089238845144357,0.4300254452926209,0.03608923884514437,0.6339376076517764,0.2670328708336791,0.05324285396564911,8.900088976287671,4.316454525948979,1.5987057104068771,2.984928739931816
q8_rep3_ebn0_2,test,0.75,1524,508,3,0.21128608923884515,0.12073490813648294,0.09055118110236221,0.42857142857142855,0.030183727034120728,0.6304278823451587,0.27131403733098236,0.048353546741859266,8.900088976287671,4.316454525948979,1.5987057104068771,2.984928739931816
q8_rep3_ebn0_2,val,0.1,582,194,3,0.7646048109965635,0.5343642611683849,0.23024054982817868,0.30112359550561796,0.3041237113402062,0.632828010443861,0.3101316071143208,0.048617394365266915,8.352244500858115,4.045581610719721,1.6488266362299777,2.657836253908415
q8_rep3_ebn0_2,val,0.15,582,194,3,0.7199312714776632,0.5189003436426117,0.20103092783505155,0.27923627684964203,0.31786941580756023,0.6428040459098319,0.3184524311735252,0.039323280245664706,8.352244500858115,4.045581610719721,1.6488266362299777,2.657836253908415
q8_rep3_ebn0_2,val,0.2,582,194,3,0.7044673539518901,0.5137457044673539,0.19072164948453607,0.2707317073170732,0.3230240549828177,0.6494287371165217,0.32431222146616484,0.03789705765827318,8.352244500858115,4.045581610719721,1.6488266362299777,2.657836253908415
q8_rep3_ebn0_2,val,0.25,582,194,3,0.6872852233676976,0.5120274914089347,0.17525773195876287,0.255,0.33676975945017174,0.6544835644215568,0.3294618367271307,0.036791907245519576,8.352244500858115,4.045581610719721,1.6488266362299777,2.657836253908415
q8_rep3_ebn0_2,val,0.3,582,194,3,0.6804123711340206,0.5085910652920962,0.1718213058419244,0.25252525252525254,0.33676975945017174,0.658725153841092,0.33372320451009146,0.03658427899688309,8.352244500858115,4.045581610719721,1.6488266362299777,2.657836253908415
q8_rep3_ebn0_2,val,0.35,582,194,3,0.6666666666666666,0.5,0.16666666666666666,0.25,0.33333333333333337,0.6623041200832782,0.33750239257908954,0.036720301717311624,8.352244500858115,4.045581610719721,1.6488266362299777,2.657836253908415
q8_rep3_ebn0_2,val,0.4,582,194,3,0.654639175257732,0.49312714776632305,0.16151202749140894,0.24671916010498687,0.33161512027491413,0.6652128908644898,0.34093041815407926,0.03625178583161513,8.352244500858115,4.045581610719721,1.6488266362299777,2.657836253908415
q8_rep3_ebn0_2,val,0.45,582,194,3,0.6426116838487973,0.4845360824742268,0.15807560137457044,0.24598930481283424,0.3264604810996563,0.6675982531540412,0.3442820589230386,0.03562340784357411,8.352244500858115,4.045581610719721,1.6488266362299777,2.657836253908415
q8_rep3_ebn0_2,val,0.5,582,194,3,0.6288659793814433,0.47594501718213056,0.15292096219931273,0.24316939890710382,0.32302405498281783,0.6695178855111583,0.3472169010340523,0.03589363171458956,8.352244500858115,4.045581610719721,1.6488266362299777,2.657836253908415
q8_rep3_ebn0_2,val,0.55,582,194,3,0.6116838487972509,0.46048109965635736,0.15120274914089346,0.24719101123595505,0.3092783505154638,0.6708493832964442,0.34962509803557174,0.03584536754078001,8.352244500858115,4.045581610719721,1.6488266362299777,2.657836253908415
q8_rep3_ebn0_2,val,0.6,582,194,3,0.5773195876288659,0.4415807560137457,0.13573883161512026,0.23511904761904762,0.30584192439862545,0.6718288386645139,0.3516804928937752,0.03538138694319321,8.352244500858115,4.045581610719721,1.6488266362299777,2.657836253908415
q8_rep3_ebn0_2,val,0.65,582,194,3,0.5274914089347079,0.40378006872852235,0.12371134020618557,0.23452768729641693,0.2800687285223368,0.6724164203843014,0.35348695510294587,0.036939895938235386,8.352244500858115,4.045581610719721,1.6488266362299777,2.657836253908415
q8_rep3_ebn0_2,val,0.7,582,194,3,0.47766323024054985,0.36597938144329895,0.11168384879725086,0.23381294964028776,0.25429553264604804,0.6724266207905609,0.35530612169120224,0.03654109948719615,8.352244500858115,4.045581610719721,1.6488266362299777,2.657836253908415
q8_rep3_ebn0_2,val,0.75,582,194,3,0.39347079037800686,0.30584192439862545,0.08762886597938144,0.22270742358078602,0.21821305841924404,0.6720250700786831,0.35706195874141233,0.040395528831482515,8.352244500858115,4.045581610719721,1.6488266362299777,2.657836253908415
